il,ogrenci_sayisi,yil,kaynak
ADANA,108,2025,"VarAtlas program payloadları, erişim 2026-10-07"
ADIYAMAN,16,2025,"VarAtlas program payloadları, erişim 2026-10-07"
AFYONKARAHİSAR,38,2025,"VarAtlas program payloadları, erişim 2026-10-07"
AKSARAY,26,2025,"VarAtlas program payloadları, erişim 2026-10-07"
AMASYA,23,2025,"VarAtlas program payloadları, erişim 2026-10-07"
ANKARA,1342,2025,"VarAtlas program payloadları, erişim 2026-10-07"
ANTALYA,145,2025,"VarAtlas program payloadları, erişim 2026-10-07"
ARDAHAN,1,2025,"VarAtlas program payloadları, erişim 2026-10-07"
ARTVİN,8,2025,"VarAtlas program payloadları, erişim 2026-10-07"
AYDIN,92,2025,"VarAtlas program payloadları, erişim 2026-10-07"
AĞRI,4,2025,"VarAtlas program payloadları, erişim 2026-10-07"
BALIKESİR,57,2025,"VarAtlas program payloadları, erişim 2026-10-07"
BARTIN,13,2025,"VarAtlas program payloadları, erişim 2026-10-07"
BATMAN,8,2025,"VarAtlas program payloadları, erişim 2026-10-07"
BAYBURT,4,2025,"VarAtlas program payloadları, erişim 2026-10-07"
BOLU,19,2025,"VarAtlas program payloadları, erişim 2026-10-07"
BURDUR,15,2025,"VarAtlas program payloadları, erişim 2026-10-07"
BURSA,167,2025,"VarAtlas program payloadları, erişim 2026-10-07"
BİLECİK,9,2025,"VarAtlas program payloadları, erişim 2026-10-07"
BİNGÖL,5,2025,"VarAtlas program payloadları, erişim 2026-10-07"
BİTLİS,6,2025,"VarAtlas program payloadları, erişim 2026-10-07"
DENİZLİ,72,2025,"VarAtlas program payloadları, erişim 2026-10-07"
DÜZCE,32,2025,"VarAtlas program payloadları, erişim 2026-10-07"
DİYARBAKIR,35,2025,"VarAtlas program payloadları, erişim 2026-10-07"
EDİRNE,10,2025,"VarAtlas program payloadları, erişim 2026-10-07"
ELAZIĞ,12,2025,"VarAtlas program payloadları, erişim 2026-10-07"
ERZURUM,19,2025,"VarAtlas program payloadları, erişim 2026-10-07"
ERZİNCAN,11,2025,"VarAtlas program payloadları, erişim 2026-10-07"
ESKİŞEHİR,72,2025,"VarAtlas program payloadları, erişim 2026-10-07"
GAZİANTEP,60,2025,"VarAtlas program payloadları, erişim 2026-10-07"
GÜMÜŞHANE,2,2025,"VarAtlas program payloadları, erişim 2026-10-07"
GİRESUN,22,2025,"VarAtlas program payloadları, erişim 2026-10-07"
HATAY,65,2025,"VarAtlas program payloadları, erişim 2026-10-07"
ISPARTA,21,2025,"VarAtlas program payloadları, erişim 2026-10-07"
IĞDIR,7,2025,"VarAtlas program payloadları, erişim 2026-10-07"
KAHRAMANMARAŞ,50,2025,"VarAtlas program payloadları, erişim 2026-10-07"
KARABÜK,23,2025,"VarAtlas program payloadları, erişim 2026-10-07"
KARAMAN,17,2025,"VarAtlas program payloadları, erişim 2026-10-07"
KARS,5,2025,"VarAtlas program payloadları, erişim 2026-10-07"
KASTAMONU,26,2025,"VarAtlas program payloadları, erişim 2026-10-07"
KAYSERİ,100,2025,"VarAtlas program payloadları, erişim 2026-10-07"
KIRIKKALE,25,2025,"VarAtlas program payloadları, erişim 2026-10-07"
KIRKLARELİ,12,2025,"VarAtlas program payloadları, erişim 2026-10-07"
KIRŞEHİR,17,2025,"VarAtlas program payloadları, erişim 2026-10-07"
KOCAELİ,84,2025,"VarAtlas program payloadları, erişim 2026-10-07"
KONYA,158,2025,"VarAtlas program payloadları, erişim 2026-10-07"
KÜTAHYA,19,2025,"VarAtlas program payloadları, erişim 2026-10-07"
KİLİS,2,2025,"VarAtlas program payloadları, erişim 2026-10-07"
MALATYA,40,2025,"VarAtlas program payloadları, erişim 2026-10-07"
MANİSA,52,2025,"VarAtlas program payloadları, erişim 2026-10-07"
MARDİN,12,2025,"VarAtlas program payloadları, erişim 2026-10-07"
MERSİN,123,2025,"VarAtlas program payloadları, erişim 2026-10-07"
MUĞLA,65,2025,"VarAtlas program payloadları, erişim 2026-10-07"
MUŞ,1,2025,"VarAtlas program payloadları, erişim 2026-10-07"
NEVŞEHİR,19,2025,"VarAtlas program payloadları, erişim 2026-10-07"
NİĞDE,22,2025,"VarAtlas program payloadları, erişim 2026-10-07"
ORDU,53,2025,"VarAtlas program payloadları, erişim 2026-10-07"
OSMANİYE,45,2025,"VarAtlas program payloadları, erişim 2026-10-07"
RİZE,28,2025,"VarAtlas program payloadları, erişim 2026-10-07"
SAKARYA,38,2025,"VarAtlas program payloadları, erişim 2026-10-07"
SAMSUN,88,2025,"VarAtlas program payloadları, erişim 2026-10-07"
SİNOP,7,2025,"VarAtlas program payloadları, erişim 2026-10-07"
SİVAS,42,2025,"VarAtlas program payloadları, erişim 2026-10-07"
SİİRT,2,2025,"VarAtlas program payloadları, erişim 2026-10-07"
TEKİRDAĞ,31,2025,"VarAtlas program payloadları, erişim 2026-10-07"
TOKAT,19,2025,"VarAtlas program payloadları, erişim 2026-10-07"
TRABZON,45,2025,"VarAtlas program payloadları, erişim 2026-10-07"
TUNCELİ,3,2025,"VarAtlas program payloadları, erişim 2026-10-07"
UŞAK,25,2025,"VarAtlas program payloadları, erişim 2026-10-07"
VAN,9,2025,"VarAtlas program payloadları, erişim 2026-10-07"
YALOVA,13,2025,"VarAtlas program payloadları, erişim 2026-10-07"
YOZGAT,24,2025,"VarAtlas program payloadları, erişim 2026-10-07"
ZONGULDAK,33,2025,"VarAtlas program payloadları, erişim 2026-10-07"
ÇANAKKALE,16,2025,"VarAtlas program payloadları, erişim 2026-10-07"
ÇANKIRI,15,2025,"VarAtlas program payloadları, erişim 2026-10-07"
ÇORUM,24,2025,"VarAtlas program payloadları, erişim 2026-10-07"
İSTANBUL,248,2025,"VarAtlas program payloadları, erişim 2026-10-07"
İZMİR,160,2025,"VarAtlas program payloadları, erişim 2026-10-07"
ŞANLIURFA,30,2025,"VarAtlas program payloadları, erişim 2026-10-07"
ŞIRNAK,5,2025,"VarAtlas program payloadları, erişim 2026-10-07"
